历史文献名称,文献别称,历史文献发表时间,文献类型,党史人物,思想理念
《中国共产党对于时局的主张》发表,,1922年6月15日,其他文献,,
《中国社会各阶级的分析》发表,,1925年12月1日,领导人文献,毛泽东,
《湖南农民运动考察报告》发表,,1927年3月,领导人文献,毛泽东,
《调查工作》,《反对本本主义》,1930年5月,领导人文献,毛泽东,“没有调查，没有发言权”
《新的革命高潮与一省或几省首先胜利》决议,,1930年6月11日,其他文献,,形成系统的“左”倾冒险主张
《实践论》,,1937年7月,领导人文献,毛泽东,
《矛盾论》,《矛盾统一法则》,1937年8月,领导人文献,毛泽东,
《中共中央为公布国共合作宣言》发表,,1937年9月22日,其他文献,,
《关于大量发展党员的决议》,,1938年3月15日,其他文献,,
《论持久战》,,1938年5月26日-1938年6月3日,领导人文献,毛泽东,党的抗日持久战战略总方针
《中共中央为抗战两周年纪念对时局宣言》发表,,1939年7月7日,其他文献,,坚持抗战、反对投降，坚持团结、反对分裂，坚持进步、反对倒退
《〈共产党人〉发刊词》发表,,1939年10月4日,领导人文献,毛泽东,
《新民主主义论》发表,,1940年1月,领导人文献,毛泽东,
《关于回回民族问题的提纲》,,1940年4月,其他文献,,
《关于抗战中蒙古民族问题提纲》,,1940年7月,其他文献,,
《陕甘宁边区施政纲领》发表,,1941年5月1日,其他文献,,
26国签署《联合国家宣言》,,1942年1月1日,其他文献,,国际反法西斯统一战线
《关于统一抗日根据地党的领导及调整各组织间关系的决定》,,1942年9月1日,其他文献,,
《关于拥护军队的决定》,,1943年1月15日,其他文献,,
《关于拥护政府爱护人民的决定》,,1943年1月25日,其他文献,,
《关于中央机构调整及精简的决定》,,1943年3月20日,其他文献,毛泽东、刘少奇、任弼时,
《对日寇的最后一战》,,1945年8月9日,领导人文献,毛泽东,
《终战诏书》,,1945年8月15日,其他文献,天皇裕仁,
国共双方签署《政府与中共代表会谈纪要》,双十协定,1945年10月10日,其他文献,毛泽东、周恩来、王若飞,
《关于扩兵与编组野战军的指示》,,1945年9月21日,其他文献,,
《关于土地问题的指示》,五四指示,1946年5月4日,其他文献,,“耕者有其田”政策
《以自卫战争粉碎蒋介石的进攻》发表,,1946年7月20日,其他文献,,
《中国土地法大纲》发布,,1947年10月10日,其他文献,,
《目前形势和我们的任务》,,1947年12月25日－1947年12月29日,领导人文献,毛泽东,最基本的政治纲领、新民主主义革命的三大经济纲领、十大军事原则
《关于统一全军组织及部队番号的规定》,,1948年11月1日,其他文献,,
《向全国进军的命令》,,1949年4月21日,其他文献,毛泽东、朱德,
《论人民民主专政》,,1949年6月30日,领导人文献,,
《丢掉幻想，准备斗争》等五篇评论发表,,1949年8月14日－1949年9月16日,领导人文献,毛泽东,
《关于在中央人民政府内组织中国共产党党委会的决定》,,1949年11月9日,其他文献,,
《关于在中央人民政府内建立中国共产党党组的决定》,,1949年11月9日,其他文献,,
《关于严禁鸦片烟毒的通令》,,1950年2月24日,其他文献,,
《关于统一国家财政经济工作的决定》,,1950年3月3日,其他文献,,
《关于在全党全军开展整风运动的指示》,,1950年5月1日,其他文献,,
《中华人民共和国婚姻法》,,1950年5月1日,其他文献,,
《关于镇压反革命活动的指示》,,1950年10月10日,其他文献,,
《关于治理淮河的决定》,,1950年10月14日,其他文献,,
《关于加强人民司法工作的指示》,,1950年11月3日,其他文献,,
《关于积极推进宗教革新运动的指示》,,1951年3月5日,其他文献,,
中央人民政府和西藏地方政府签订《关于和平解放西藏办法的协议》,“十七条协议”,1951年5月23日,其他文献,,
《关于知识分子的改造问题》报告,,1951年9月29日,领导人文献,,
《关于在学校中进行思想改造和组织清理工作的指示》,,1951年11月30日,领导人文献,,
《毛泽东选集》第一卷出版,,1951年10月,领导人文献,毛泽东,
《关于实行精兵简政、增产节约、反对贪污、反对浪费和反对官僚主义的决定》,,1951年12月1日,其他文献,,
《关于首先在大中城市开展“五反”斗争的指示》,,1952年1月26日,其他文献,,
《中华人民共和国惩治贪污条例》公布施行,,1952年4月21日,其他文献,,
《关于加强人民体育运动工作的报告》,,1954年1月8日,领导人文献,毛泽东,
《中华人民共和国民族区域自治实施纲要》公布施行,,1952年8月9日,其他文献,,
《中华人民共和国全国人民代表大会及地方各级人民代表大会选举法》公布施行,,1953年3月1日,其他文献,,
《为准备普选进行全国人口调查登记的指示》,,1953年4月3日,其他文献,,
中苏两国政府签订《关于苏维埃社会主义共和国联盟政府援助中华人民共和国中央人民政府发展中国国民经济的协定》,,1953年5月15日,其他文献,,
《为动员一切力量把我国建设成为一个伟大的社会主义国家而斗争――关于党在过渡时期总路线的学习和宣传提纲》,,1953年12月28日,其他文献,,
中共中央作出《关于实行粮食的计划收购与计划供应的决议》,,1953年10月16日,其他文献,,
作出《关于在全国实行计划收购油料的决定》,,1953年11月15日,其他文献,,
中共中央作出《关于加强干部管理工作的决定》,,1953年11月24日,其他文献,,
颁布新中国成立后第一部《中国人民解放军政治工作条例（草案）》,,1954年4月15日,其他文献,,
中央政治局作出《关于成立党的军事委员会的决议》,,1954年9月28日,其他文献,毛泽东、彭德怀,
作出《关于恢复新疆生产建设兵团的决定》,,1981年12月3日,其他文献,,
《中华人民共和国兵役法》,,1955年7月30日,全国人大文献,,
《列宁全集》中文第一版第一卷出版,,1955年12月,领导人文献,,
中央政治局提出《1956年到1967年全国农业发展纲要（草案）》,,1956年1月23日,其他文献,,
中共中央发出《关于文字改革工作问题的指示》,,1956年1月27日,其他文献,,
《国务院关于公布汉字简化方案的决议》,,1956年1月28日,其他文献,,
《国务院关于推广普通话的指示》,,1956年1月28日,其他文献,,
《汉语拼音方案（草案）》,,1956年2月9日,其他文献,,
《论十大关系》报告,,1956年4月25日,领导人文献,毛泽东,“长期共存，互相监督”的方针
《马克思恩格斯全集》中文第一版第一卷出版,,1956年12月,领导人文献,,
《如何处理人民内部的矛盾》,,1957年2月27日,领导人文献,毛泽东,
《关于消灭血吸虫病的指示》,,1957年4月20日,其他文献,,
《关于整风运动的指示》,,1957年4月27日,其他文献,,
《关于在全国大规模造林的指示》,,1958年4月7日,其他文献,,
《关于解散西藏地方政府的命令》,,1959年3月28日,其他文献,,
《中华人民共和国主席特赦令》,,1959年9月17日,其他文献,刘少奇,
《关于军委组成人员的通知》,,1959年9月26日,其他文献,,
《关于传达石油工业部〈关于大庆石油会战情况的报告〉的通知》,,1964年2月5日,领导人文献,,
中缅两国签订《中华人民共和国政府和缅甸联邦政府关于两国边界问题的协定》,,1960年1月28日,其他文献,,
中缅两国签订《中华人民共和国和缅甸联邦之间的友好和互不侵犯条约》,,1960年1月28日,其他文献,,
中缅两国签订《中华人民共和国和缅甸联邦边界条约》,,1960年10月1日,其他文献,,
《关于工业战线上的技术革新和技术革命运动开展情况的报告》,,1960年3月22日,领导人文献,,
《关于农村人民公社当前政策问题的紧急指示信》,,1960年11月3日,其他文献,,
《关于调整农村劳动力和精简下放职工问题的报告》,,1961年4月9日,领导人文献,,
《关于改变农村人民公社基本核算单位问题的指示》,,1962年2月13日,其他文献,,
《论知识分子问题》,,1962年3月2日,领导人文献,周恩来,
《关于成立十五人专门委员会的决定》,,1962年12月14日,其他文献,周恩来,
《关于国际共产主义运动总路线的建议》,,1963年6月14日,其他文献,,
《关于国际共产主义运动总路线的论战》的九篇文章,“九评”,1963年9月6日至1964年7月14日,其他文献,,
《关于把卫生工作重点放到农村的报告》,,1965年9月21日,领导人文献,,
《县委书记的榜样――焦裕禄》,,1966年2月7日,其他文献,,
《中国共产党中央委员会关于无产阶级文化大革命的决定》,,1966年8月8日,其他文献,,
《关于集中力量执行支左、支农、支工、军管、军训任务的决定》,,1967年3月19日,其他文献,,
《联合公报》发表,,1972年2月28日,其他文献,,
《联合声明》发表,,1972年9月29日,其他文献,,
《关于召开全国科学大会的通知》,,1977年9月18日,其他文献,,
《关于1977年高等学校招生工作的意见》,,1977年10月5日,其他文献,,
《关于全部摘掉右派分子帽子的请示报告》,,1978年4月5日,领导人文献,,
《贯彻中央关于全部摘掉右派分子帽子决定的实施方案》,,1978年9月17日,其他文献,,
《实践是检验真理的唯一标准》,,1978年5月10日,其他文献,,
《解放思想，实事求是，团结一致向前看》讲话,,1978年12月13日,领导人文献,邓小平,
《告台湾同胞书》,,1979年1月1日,全国人大文献,,
《坚持四项基本原则》讲话,,1979年3月30日,领导人文献,,
《广东、福建两省会议纪要》,,1980年5月16日,其他文献,,
《目前的形势和任务》讲话,,1980年1月16日,领导人文献,邓小平,
《党和国家领导制度的改革》讲话,,1980年8月18日,领导人文献,邓小平,
《关于扩大企业自主权试点工作情况和今后意见的报告》,,1980年9月2日,领导人文献,,
《关于控制我国人口增长问题致全体共产党员、共青团员的公开信》,,1980年9月25日,其他文献,,
《关于广开门路，搞活经济，解决城镇就业问题的若干决定》,,1981年10月17日,其他文献,,
《全国农村工作会议纪要》,,1982年1月1日,其他文献,,
《关于建立老干部退休制度的决定》,,1982年2月20日,其他文献,,
《关于我国社会主义时期宗教问题的基本观点和基本政策》,,1982年3月31日,其他文献,,
《关于打击经济领域中严重犯罪活动的决定》,,1982年4月13日,其他文献,,
《中华人民共和国和美利坚合众国联合公报》,八一七公报,1982年8月17日,其他文献,,
《关于中央党政机关干部教育工作的决定》,,1982年10月3日,其他文献,,
《关于实现党校教育正规化的决定》,,1983年4月18日,其他文献,,
《关于国营企业利改税试行办法》,,1983年4月24日,其他文献,,
《关于严厉打击刑事犯罪活动的决定》,,1983年8月25日,其他文献,,
《关于实行政社分开建立乡政府的通知》,,1983年10月12日,其他文献,,
《关于开创社队企业新局面的报告》,,1984年3月1日,领导人文献,,
《沿海部分城市座谈会纪要》,,1984年5月4日,其他文献,,
《列宁全集》中文第二版分卷出版,,1984年10月,领导人文献,,
《关于严禁党政机关和党政干部经商、办企业的决定》,,1984年12月3日,其他文献,,
中英两国政府签署《中华人民共和国政府和大不列颠及北爱尔兰联合王国政府关于香港问题的联合声明》,,1984年12月19日,其他文献,,
《关于进一步活跃农村经济的十项政策》,,1985年1月1日,其他文献,,
《长江、珠江三角洲和闽南厦漳泉三角地区座谈会纪要》,,1985年2月18日,其他文献,,
《关于扩大沿海经济开放区范围的通知》,,1988年3月18日,其他文献,,
《关于科学技术体制改革的决定》,,1985年3月13日,其他文献,,
《关于教育体制改革的决定》,,1985年5月27日,其他文献,,
《高技术研究发展计划纲要》,,1986年11月18日,其他文献,,
《中国共产党全民所有制工业企业基层组织工作条例》,,1986年9月15日,其他文献,,
《关于深化企业改革增强企业活力的若干规定》,,1986年12月5日,其他文献,,
《关于当前反对资产阶级自由化若干问题的通知》,,1987年1月28日,其他文献,,
中葡两国政府签署《中华人民共和国政府和葡萄牙共和国政府关于澳门问题的联合声明》,,1987年4月13日,其他文献,,
《关于民族工作几个重要问题的报告》,,1987年4月17日,领导人文献,,
《关于在全国城镇分期分批推行住房制度改革的实施方案》,,1988年2月25日,其他文献,,
《关于深化城镇住房制度改革的决定》,,1994年7月18日,其他文献,,
《关于进一步深化城镇住房制度改革加快住房建设的通知》,,1998年7月3日,其他文献,,
《关于党和国家机关必须保持廉洁的通知》,,1988年6月1日,其他文献,,
《关于加强和改善党对工会、共青团、妇联工作领导的通知》,,1989年12月21日,其他文献,,
《关于坚持和完善中国共产党领导的多党合作和政治协商制度的意见》,,1989年12月30日,其他文献,,“长期共存、互相监督、肝胆相照、荣辱与共”
《关于县以上党和国家机关党员领导干部民主生活会的若干规定》,,1990年5月25日,其他文献,,
《关于实行党和国家机关领导干部交流制度的决定》,,1990年7月7日,其他文献,,
《关于加强党风和廉政建设的意见》,,1990年11月4日,其他文献,,
《关于批准国家高新技术产业开发区和有关政策规定的通知》,,1991年3月6日,其他文献,,
《关于企业职工养老保险制度改革的决定》,,1991年6月26日,其他文献,,
《关于建立统一的企业职工基本养老保险制度的决定》,,1997年7月16日,其他文献,,
《关于完善企业职工基本养老保险制度的决定》,,2005年12月3日,其他文献,,
《毛泽东选集》第一至第四卷第二版出版,,1991年6月,领导人文献,,
《中国共产党历史》上卷出版,,1991年7月,领导人文献,,
《中国共产党的七十年》出版,,1991年8月,领导人文献,,
《关于抓紧培养教育青年干部的决定》,,1991年9月6日,其他文献,,
《国家中长期科学技术发展纲领》,,1992年3月8日,其他文献,,
《中国教育改革和发展纲要》,,1993年2月13日,其他文献,,
海峡两岸关系协会会长汪道涵和台湾海峡交流基金会董事长辜振甫签订《汪辜会谈共同协议》等四项协议,,1993年4月27日－1993年4月29日,其他文献,,
《关于重点建设一批高等学校和重点学科点的若干意见》,,1993年7月15日,其他文献,,
《面向21世纪教育振兴行动计划》,,1999年1月,其他文献,,
《邓小平文选》第三卷出版,,1993年10月,领导人文献,,
《邓小平文选》第一卷、第二卷出版,,1994年10月,领导人文献,,
《关于当前农业和农村经济发展的若干政策措施》,,1993年11月5日,其他文献,,
《关于实行分税制财政管理体制的决定》,,1993年12月15日,其他文献,,
《关于金融体制改革的决定》,,1993年12月25日,其他文献,,
《关于进一步深化对外贸易体制改革的决定》,,1994年1月11日,其他文献,,
《爱国主义教育实施纲要》,,1994年8月23日,其他文献,,
《关于进一步加强和改进学校德育工作的若干意见》,,1994年8月31日,其他文献,,
《中国共产党党员权利保障条例（试行）》,,1995年1月7日,其他文献,,
《中国共产党党员权利保障条例》,,2004年9月22日,其他文献,,
《为促进祖国统一大业的完成而继续奋斗》讲话,,1995年1月30日,领导人文献,,
《党政领导干部选拔任用工作暂行条例》,,1995年2月9日,其他文献,,
《党政领导干部选拔任用工作条例》,,2002年7月9日,其他文献,,
《关于加速科学技术进步的决定》,,1995年5月6日,其他文献,,实施科教兴国战略
《马克思恩格斯全集》中文第二版开始分卷出版,,1995年6月,领导人文献,,
《中国共产党地方委员会工作条例（试行）》,,1996年4月5日,其他文献,,
《中国共产党地方委员会工作条例》,,2015年12月25日,其他文献,,
《关于卫生改革与发展的决定》,,1997年1月15日,其他文献,,
《中国共产党党员领导干部廉洁从政若干准则（试行）》,,1997年3月28日,其他文献,,
《中国共产党党员领导干部廉洁从政若干准则》,,2010年1月18日,其他文献,,
《关于党政机关厉行节约制止奢侈浪费行为的若干规定》,,1997年5月25日,其他文献,,
《关于深化金融改革，整顿金融秩序，防范金融风险的通知》,,1997年12月6日,其他文献,,
《关于在全国建立城市居民最低生活保障制度的通知》,,1997年9月2日,其他文献,,
《关于切实做好国有企业下岗职工基本生活保障和再就业工作的通知》,,1998年6月9日,其他文献,,
《关于在县级以上党政领导班子、领导干部中深入开展以“讲学习、讲政治、讲正气”为主要内容的党性党风教育的意见》,,1998年11月21日,其他文献,,
《关于实行党风廉政建设责任制的规定》,,1998年11月21日,其他文献,,
《关于建立城镇职工基本医疗保险制度的决定》,,1998年12月14日,其他文献,,
《中国共产党农村基层组织工作条例》,,1999年2月13日,其他文献,,
《关于深化教育改革全面推进素质教育的决定》,,1999年6月13日,其他文献,,
《关于实施西部大开发若干政策措施的通知》,,2000年10月26日,其他文献,,
《关于加强技术创新，发展高科技，实现产业化的决定》,,1999年8月20日,其他文献,,
《关于促进小城镇健康发展的若干意见》,,2000年6月13日,其他文献,,
《中国农村扶贫开发纲要（2001－2010年）》,,2001年6月13日,其他文献,,
《上海合作组织成立宣言》,,2001年6月15日,其他文献,,
《公民道德建设实施纲要》,,2001年9月20日,其他文献,,
《退耕还林条例》,,2002年12月14日,其他文献,,
《关于进一步做好下岗失业人员再就业工作的通知》,,2002年9月30日,其他文献,,
《关于进一步加强农村卫生工作的决定》,,2002年10月19日,其他文献,,
《关于做好农业和农村工作的意见》,,2003年1月16日,其他文献,,
《内地与香港关于建立更紧密经贸关系的安排》,,2003年6月29日,其他文献,,
《内地与澳门关于建立更紧密经贸关系的安排》,,2003年10月17日,其他文献,,
《关于实施东北地区等老工业基地振兴战略的若干意见》,,2003年10月5日,其他文献,,
《联合国反腐败公约》,,2003年12月10日,其他文献,,
《关于进一步加强人才工作的决定》,,2003年12月26日,其他文献,,
《关于进一步繁荣发展哲学社会科学的意见》,,2004年1月5日,其他文献,,
《关于进一步加强和改进未成年人思想道德建设的若干意见》,,2004年2月26日,其他文献,,
《关于进一步加强和改进大学生思想政治教育的意见》,,2004年8月26日,其他文献,,
《关于在全党开展以实践“三个代表”重要思想为主要内容的保持共产党员先进性教育活动的意见》,,2004年11月7日,其他文献,,
《建立健全教育、制度、监督并重的惩治和预防腐败体系实施纲要》,,2005年1月3日,其他文献,,
《关于进一步加强中国共产党领导的多党合作和政治协商制度建设的意见》,,2005年2月18日,其他文献,,
《关于鼓励支持和引导个体私营等非公有制经济发展的若干意见》,,2005年2月19日,其他文献,,
《国家突发公共事件总体应急预案》,,2005年4月17日,其他文献,,
《关于进一步加强民族工作加快少数民族和民族地区经济社会发展的决定》,,2005年5月31日,其他文献,,
《中国人民解放军文职人员条例》,,2005年6月23日,其他文献,,
《关于深化文化体制改革的若干意见》,,2005年12月23日,其他文献,,
《关于推进社会主义新农村建设的若干意见》,,2005年12月31日,其他文献,,
《关于实施科技规划纲要增强自主创新能力的决定》,,2006年1月26日,其他文献,,
《关于解决农民工问题的若干意见》,,2006年1月31日,其他文献,,
《关于进一步做好为农民工服务工作的意见》,,2014年9月12日,其他文献,,
《关于加强人民政协工作的意见》,,2006年2月8日,其他文献,,
《关于促进中部地区崛起的若干意见》,,2006年4月15日,其他文献,,
《江泽民文选》第一至第三卷出版,,2006年8月,领导人文献,,
《中国应对气候变化国家方案》,,2007年6月3日,其他文献,,
《关于开展城镇居民基本医疗保险试点的指导意见》,,2007年7月10日,其他文献,,
《关于在全国建立农村最低生活保障制度的通知》,,2007年7月11日,其他文献,,
《国家知识产权战略纲要》,,2008年6月5日,其他文献,,
《关于全面推进集体林权制度改革的意见》,,2008年6月8日,其他文献,,
《关于在全党开展深入学习实践科学发展观活动的意见》,,2008年9月14日,其他文献,,
《携手推动两岸关系和平发展，同心实现中华民族伟大复兴》讲话,,2008年12月31日,领导人文献,胡锦涛,
《关于深化医药卫生体制改革的意见》,,2009年3月17日,其他文献,,
《关于开展新型农村社会养老保险试点的指导意见》,,2009年9月1日,其他文献,,
《关于开展城镇居民社会养老保险试点的指导意见》,,2011年6月7日,其他文献,,
《关于推进海南国际旅游岛建设发展的若干意见》,,2009年12月31日,其他文献,,
《国家中长期人才发展规划纲要（2010－2020年）》,,2010年4月1日,其他文献,,
《关于在党的基层组织和党员中深入开展创先争优活动的意见》,,2010年4月5日,其他文献,,
《关于领导干部报告个人有关事项的规定》,,2010年5月26日,领导人文献,,
《关于加强和改进新形势下党史工作的意见》,,2010年6月19日,其他文献,,
海峡两岸关系协会与台湾海峡交流基金会签署《海峡两岸经济合作框架协议》,,2010年6月29日,其他文献,,
《国家中长期教育改革和发展规划纲要（2010－2020年）》,,2010年7月8日,其他文献,,
《关于加快培育和发展战略性新兴产业的决定》,,2010年10月10日,其他文献,,
《全国主体功能区规划》,,2010年12月21日,其他文献,,
《关于分类推进事业单位改革的指导意见》,,2011年3月23日,其他文献,,
《中国农村扶贫开发纲要（2011－2020年）》,,2011年5月27日,其他文献,,
《关于加强和创新社会管理的意见》,,2011年7月5日,其他文献,,
《关于在全党深入开展党的群众路线教育实践活动的意见》,,2013年5月9日,其他文献,,
《中国共产党巡视工作条例》,,2015年8月3日,其他文献,,
《关于加快棚户区改造工作的意见》,,2013年7月4日,其他文献,,
《中央党内法规制定工作五年规划纲要（2013－2017年）》,,2013年11月5日,其他文献,,
《中央党内法规制定工作第二个五年规划（2018－2022年）》,,2018年2月9日,其他文献,,
《党政机关厉行节约反对浪费条例》,,2013年11月18日,其他文献,,
《关于培育和践行社会主义核心价值观的意见》,,2013年12月11日,其他文献,,
《关于调整完善生育政策的意见》,,2013年12月21日,其他文献,,
《关于实施全面两孩政策改革完善计划生育服务管理的决定》,,2015年12月31日,其他文献,,
《关于优化生育政策促进人口长期均衡发展的决定》,,2021年5月31日,其他文献,,
《习近平关于实现中华民族伟大复兴的中国梦论述摘编》出版,,2013年12月,领导人文献,,
《关于全面深化农村改革加快推进农业现代化的若干意见》,,2014年1月2日,其他文献,,
修订后的《党政领导干部选拔任用工作条例》,,2014年1月14日,其他文献,,
《国家集成电路产业发展推进纲要》,,2014年1月21日,其他文献,,
《新时期促进集成电路产业和软件产业高质量发展的若干政策》,,2020年7月27日,其他文献,,
《注册资本登记制度改革方案》,,2014年2月7日,其他文献,,
《关于建立统一的城乡居民基本养老保险制度的意见》,,2014年2月21日,其他文献,,
《关于机关事业单位工作人员养老保险制度改革的决定》,,2015年1月3日,其他文献,,
《关于建立企业职工基本养老保险基金中央调剂制度的通知》,,2018年5月30日,其他文献,,
《京津冀协同发展规划纲要》,,2015年6月9日,其他文献,,
《关于深化司法体制和社会体制改革的意见》,,2014年3月19日,其他文献,,
《关于贯彻落实军委主席负责制建立和完善相关工作机制的意见》,,2014年4月10日,其他文献,,
《关于全面深入贯彻军委主席负责制的意见》,,2017年11月2日,其他文献,,
修订后的《中华人民共和国环境保护法》,,2014年4月24日,其他文献,,
《政府督查工作条例》,,2020年12月,其他文献,,
《深化财税体制改革总体方案》,,2014年6月30日,其他文献,,
《关于进一步推进户籍制度改革的意见》,,2014年7月24日,其他文献,,
《关于加强和改进新形势下民族工作的意见》,,2014年10月12日,其他文献,,
《习近平谈治国理政》,,2014年9月,其他文献,,
《关于繁荣发展社会主义文艺的意见》,,2015年10月3日,其他文献,,
《关于新形势下军队政治工作若干问题的决定》,,2014年12月30日,其他文献,,
《关于引导农村土地经营权有序流转发展农业适度规模经营的意见》,,2014年11月6日,其他文献,,
《关于完善农村土地所有权承包权经营权分置办法的意见》,,2016年10月22日,其他文献,,
《丝绸之路经济带和21世纪海上丝绸之路建设战略规划》,,2014年12月2日,其他文献,,
《推动共建丝绸之路经济带和21世纪海上丝绸之路的愿景与行动》,,2015年3月28日,其他文献,,
《关于加强中央纪委派驻机构建设的意见》,,2014年12月31日,其他文献,,
《关于全面落实中央纪委向中央一级党和国家机关派驻纪检机构的方案》,,2015年11月20日,其他文献,,
《关于深化中央纪委国家监委派驻机构改革的意见》,,2018年10月21日,其他文献,,
《关于农村土地征收、集体经营性建设用地入市、宅基地制度改革试点工作的意见》,,2014年12月31日,其他文献,,
《关于加强社会主义协商民主建设的意见》,,2015年1月5日,其他文献,,
《关于促进云计算创新发展培育信息产业新业态的意见》,,2015年1月6日,其他文献,,
《促进大数据发展行动纲要》,,2015年8月31日,其他文献,,
《军民融合发展战略纲要》,,2018年8月11日,其他文献,,
《关于深化体制机制改革加快实施创新驱动发展战略的若干意见》,,2015年3月13日,其他文献,,
《国家创新驱动发展战略纲要》,,2016年1月18日,其他文献,,
《关于在县处级以上领导干部中开展“三严三实”专题教育方案》,,2015年4月10日,其他文献,,
《中国共产党统一战线工作条例（试行）》,,2015年5月18日,其他文献,,
《中国共产党党组工作条例（试行）》,,2015年6月11日,其他文献,,
《关于大力推进大众创业万众创新若干政策措施的意见》,,2015年6月11日,其他文献,,
《关于积极推进“互联网+”行动的指导意见》,,2015年7月1日,其他文献,,
《关于加强和改进党的群团工作的意见》,,2015年1月8日,其他文献,,
《全国海洋主体功能区规划》,,2015年8月1日,其他文献,,
《关于深化国有企业改革的指导意见》,,2015年8月24日,其他文献,,
《环境保护督察方案（试行）》,,2015年8月30日,其他文献,,
《中央生态环境保护督察工作规定》施行,,2019年6月6日,其他文献,,
《关于推进价格机制改革的若干意见》,,2015年10月12日,其他文献,,
《中国共产党廉洁自律准则》,,2015年10月18日,其他文献,,
《中国共产党纪律处分条例》,,2015年10月18日,其他文献,,
修订后的《中国共产党纪律处分条例》,,2018年8月18日,其他文献,,
《统筹推进世界一流大学和一流学科建设总体方案》,,2015年10月24日,其他文献,,
《领导指挥体制改革实施方案》,,2015年11月23日,其他文献,,
《关于进一步完善城乡义务教育经费保障机制的通知》,,2015年11月25日,其他文献,,
签署《〈内地与香港关于建立更紧密经贸关系的安排〉服务贸易协议》,,2015年11月27日,其他文献,,
签署《〈内地与澳门关于建立更紧密经贸关系的安排〉服务贸易协议》,,2015年11月28日,其他文献,,
《关于打赢脱贫攻坚战的决定》,,2015年11月29日,其他文献,,
《关于加快实施自由贸易区战略的若干意见》,,2015年12月6日,其他文献,,
《中国三江源国家公园体制试点方案》,,2015年12月9日,其他文献,,
《关于加强和改进新形势下党校工作的意见》,,2015年12月9日,其他文献,,
《关于深入推进城市执法体制改革改进城市管理工作的指导意见》,,2015年12月24日,其他文献,,
《关于进一步加强城市规划建设管理工作的若干意见》,,2016年2月6日,其他文献,,
《关于建立健全党和国家功勋荣誉表彰制度的意见》,,2015年12月25日,其他文献,,
《关于整合城乡居民基本医疗保险制度的意见》,,2016年1月3日,其他文献,,
《长江经济带发展规划纲要》,,2016年5月30日,其他文献,,
《关于全面振兴东北地区等老工业基地的若干意见》,,2016年2月6日,其他文献,,
《关于军队和武警部队全面停止有偿服务活动的通知》,,2016年2月16日,其他文献,,
《关于在全体党员中开展“学党章党规、学系列讲话，做合格党员”学习教育方案》,,2016年2月24日,领导人文献,,
《关于推进“两学一做”学习教育常态化制度化的意见》,,2017年3月20日,其他文献,,
中国签署气候变化《巴黎协定》,,2016年4月22日,其他文献,,
《关于加快构建中国特色哲学社会科学的意见》,,2017年3月5日,其他文献,,
《关于深化投融资体制改革的意见》,,2016年7月5日,其他文献,,
《中国共产党问责条例》,,2016年7月8日,其他文献,,
《中华人民共和国政府关于在南海的领土主权和海洋权益的声明》,,2016年7月12日,其他文献,,
《“健康中国2030”规划纲要》,,2016年10月17日,其他文献,,
《关于加快推进“互联网+政务服务”工作的指导意见》,,2016年9月25日,其他文献,,
《关于加快推进全国一体化在线政务服务平台建设的指导意见》,,2018年7月,其他文献,,
《关于在线政务服务的若干规定》,,2019年4月,其他文献,,
《胡锦涛文选》第一至第三卷出版,,2016年9月,领导人文献,,
《关于完善产权保护制度依法保护产权的意见》,,2016年11月4日,其他文献,,
《关于全面推行河长制的意见》,,2016年11月28日,其他文献,,
《关于在湖泊实施湖长制的指导意见》,,2017年12月26日,其他文献,,
《关于全面推行林长制的意见》,,2020年12月28日,其他文献,,
《关于加强党内法规制度建设的意见》,,2016年12月13日,其他文献,,
《关于稳步推进农村集体产权制度改革的意见》,,2016年12月26日,其他文献,,
《关于实施中华优秀传统文化传承发展工程的意见》,,2017年1月24日,其他文献,,
《深化粤港澳合作推进大湾区建设框架协议》签署仪式,,2017年7月1日,其他文献,,
《粤港澳大湾区发展规划纲要》,,2018年7月12日,其他文献,,
《新一代人工智能发展规划》,,2017年7月8日,其他文献,,
《中共中央政治局关于加强和维护党中央集中统一领导的若干规定》,,2017年10月27日,其他文献,,
《关于废止〈中华人民共和国营业税暂行条例〉和修改〈中华人民共和国增值税暂行条例〉的决定》,,2017年11月19日,其他文献,,
《关于调整中国人民武装警察部队领导指挥体制的决定》,,2017年12月14日,其他文献,,
《关于建立国务院向全国人大常委会报告国有资产管理情况制度的意见》,,2017年12月30日,其他文献,,
《关于实施乡村振兴战略的意见》,,2018年1月2日,其他文献,,
《乡村振兴战略规划（2018－2022年）》,,2018年6月26日,其他文献,,
《关于开展扫黑除恶专项斗争的通知》,,2018年1月11日,其他文献,,
《关于中美经贸摩擦的事实与中方立场》白皮书发布,,2018年9月24日,其他文献,,
中美双方签署《第一阶段经贸协议》,,2020年1月15日,其他文献,,
《关于支持海南全面深化改革开放的指导意见》,,2018年4月11日,其他文献,,
《海南自由贸易港建设总体方案》,,2020年3月20日,其他文献,,
《关于打赢脱贫攻坚战三年行动的指导意见》,,2018年6月15日,其他文献,,
《关于做好证明事项清理工作的通知》,,2018年6月15日,其他文献,,
《关于全面加强生态环境保护坚决打好污染防治攻坚战的意见》,,2018年6月16日,其他文献,,
《中国共产党宣传工作条例》,,2019年6月29日,其他文献,,
《中国教育现代化2035》,,2018年12月8日,其他文献,,
《关于在全国推开“证照分离”改革的通知》,,2018年9月27日,其他文献,,
《关于深化“证照分离”改革进一步激发市场主体发展活力的通知》,,2021年5月,其他文献,,
《关于保持土地承包关系稳定并长久不变的意见》,,2018年10月1日,其他文献,,
《中国共产党支部工作条例（试行）》,,2018年10月28日,其他文献,,
《为实现民族伟大复兴、推进祖国和平统一而共同奋斗》讲话,,2019年1月2日,领导人文献,,
《中国共产党政法工作条例》,,2019年1月13日,其他文献,,
《关于在市场监管领域全面推行部门联合“双随机、一公开”监管的意见》,,2019年1月27日,其他文献,,
《关于加强和规范事中事后监管的指导意见》,,2019年9月6日,其他文献,,
《关于加强党的政治建设的意见》,,2019年1月31日,其他文献,,
《中国共产党重大事项请示报告条例》,,2019年1月31日,其他文献,,
《中华人民共和国外商投资法实施条例》,,2019年12月26日,其他文献,,
《公务员职务与职级并行规定》,,2019年3月19日,其他文献,,
《关于新时代推进西部大开发形成新格局的指导意见》,,2019年5月2日,其他文献,,
《关于建立国土空间规划体系并监督实施的若干意见》,,2019年5月9日,其他文献,,
《关于在全党开展“不忘初心、牢记使命”主题教育的意见》,,2019年5月21日,其他文献,,
《长江三角洲区域一体化发展规划纲要》,,2019年5月30日,其他文献,,
《习近平新时代中国特色社会主义思想学习纲要》,,2019年6月4日,其他文献,,
《关于支持深圳建设中国特色社会主义先行示范区的意见》,,2019年8月9日,其他文献,,
《中国共产党农村工作条例》,,2019年8月19日,其他文献,,
《黄河流域生态保护和高质量发展规划纲要》,,2020年10月5日,其他文献,,
《关于新时代加强和改进人民政协工作的意见》,,2019年10月7日,其他文献,,
《新时代公民道德建设实施纲要》,,2019年10月17日,其他文献,,
《新时代爱国主义教育实施纲要》,,2019年10月31日,其他文献,,
《优化营商环境条例》,,2019年10月22日,其他文献,,
《保障农民工工资支付条例》,,2019年12月30日,其他文献,,
《携手抗疫，共克时艰》讲话,,2020年3月26日,领导人文献,,
《团结合作战胜疫情，共同构建人类卫生健康共同体》致辞,,2020年5月18日,领导人文献,,
《团结抗疫，共克时艰》主旨讲话,,2020年6月17日,领导人文献,,
《关于构建更加完善的要素市场化配置体制机制的意见》,,2020年3月30日,其他文献,,
《关于持续解决困扰基层的形式主义问题为决胜全面建成小康社会提供坚强作风保证的通知》,,2020年4月13日,其他文献,,
《关于新时代加快完善社会主义市场经济体制的意见》,,2020年5月11日,其他文献,,
《关于加快推进政务服务“跨省通办”的指导意见》,,2020年9月24日,其他文献,,
《中国共产党中央委员会工作条例》,,2020年9月30日,其他文献,,
中国与东盟十国及日本、韩国、澳大利亚、新西兰共同签署《区域全面经济伙伴关系协定》,,2020年11月15日,其他文献,,
《法治中国建设规划（2020－2025年）》,,2020年12月1日,其他文献,,
《关于实现巩固拓展脱贫攻坚成果同乡村振兴有效衔接的意见》,,2020年12月16日,其他文献,,
修订后的《中国共产党党员权利保障条例》,,2020年12月25日,其他文献,,
《关于全面推进乡村振兴加快农业农村现代化的意见》,,2021年1月4日,其他文献,,
《关于推动药品集中带量采购工作常态化制度化开展的意见》,,2021年1月22日,其他文献,,
《关于加快建立健全绿色低碳循环发展经济体系的指导意见》,,2021年2月2日,其他文献,,
《关于加强对“一把手”和领导班子监督的意见》,,2021年3月27日,其他文献,,
《中华人民共和国市场主体登记管理条例》,,2021年4月14日,其他文献,,
修订后的《中国共产党普通高等学校基层组织工作条例》,,2021年4月16日,其他文献,,
《关于新时代推动中部地区高质量发展的意见》,,2021年4月23日,其他文献,,
《中国共产党组织工作条例》,,2021年5月22日,其他文献,,
《关于“左派国民党”及苏维埃口号问题决议案》,,1927年9月19日,其他文献,,
《陕甘宁边区抗战时期施政纲领》,,1939年,其他文献,林伯渠,
《陕甘宁边区保障人权财权条例》,,1941年11月,其他文献,李鼎铭,
《关于若干历史问题的决议》,,1944年,全会文献,毛泽东,
《论联合政府》,,1945年,党的全国代表大会文献,毛泽东、周恩来、朱德、刘少奇,
《论解放区战场》,,1945年,党的全国代表大会文献,毛泽东、周恩来、朱德、刘少奇,
《关于修改党章的报告》,,1945年,党的全国代表大会文献,毛泽东、周恩来、朱德、刘少奇,
《论统一战线》,,1945年,党的全国代表大会文献,毛泽东、周恩来、朱德、刘少奇,
《中国土地法大纲》,,1947年,其他文献,,
《为争取国家财政经济状况的基本好转而斗争》,,1950年6月,领导人文献,毛泽东,
《关于整顿党的基层组织的决议》,,1951年,其他文献,,
《关于农业生产互助合作的决议（草案）》,,1951年9月,其他文献,,
《关于增强党的团结的决议》,,1954年2月,全会文献,,
《联合声明》,,1954年6月,其他文献,周恩来,和平共处五项原则
《中华人民共和国宪法》,,1954年9月,全国人大文献,毛泽东、刘少奇、周恩来,
《中国人民政治协商会议章程》,,1954年12月,全国政协文献,,
《关于成立党的中央和地方监察委员会的决议》,,1955年3月,党的全国代表大会文献,,
中国文字改革委员会,,1956年2月9日,,,
《农村人民公社工作条例（草案）》（“农业六十条”）,,1961年3月,其他文献,,
《关于保护和改善环境的若干规定（试行草案）》,,1973年8月,其他文献,,
《中国人民政治协商会议章程》,,1978年2月,全国政协文献,,
《1978－1985年全国科学技术发展规划纲要（草案）》,,1978年3月,其他文献,,
《关于修正〈中华人民共和国宪法〉若干规定的决议》,,1979年7月1日,全国人大文献,,
《中华人民共和国刑法》,,1979年7月1日,全国人大文献,,
《中华人民共和国刑事诉讼法》,,1979年7月1日,全国人大文献,,
《中华人民共和国中外合资经营企业法》,,1979年7月1日,全国人大文献,,
《中华人民共和国环境保护法（试行）》,,1979年9月13日,全国人大文献,,
《中华人民共和国环境保护法》,,1989年12月26日,全国人大文献,,
《关于党内政治生活的若干准则》,,1980年2月,全会文献,,
《关于建国以来党的若干历史问题的决议》,,1981年6月,全会文献,,
《全面开创社会主义现代化建设的新局面》,,1982年9月,党的全国代表大会文献,,
《中华人民共和国宪法》,,1982年12月4日,全国人大文献,,
《关于整党的决定》,,1983年10月,全会文献,,
《中华人民共和国民族区域自治法》,,1984年5月31日,全国人大文献,,
《关于修改〈中华人民共和国民族区域自治法〉的决定》,,2001年2月28日,全国人大文献,,
《关于经济体制改革的决定》,,1984年10月20日,全会文献,,
《关于教师节的决定》,,1985年1月21日,全国人大文献,,
《关于向全体公民基本普及法律常识的五年规划》,,1985年6月,其他文献,,
《中华人民共和国民法通则》,,1986年3月,全国人大文献,,
《中华人民共和国义务教育法》,,1986年3月,全国人大文献,,
《中华人民共和国外资企业法》,,1986年3月,全国人大文献,,
《关于社会主义精神文明建设指导方针的决议》,,1986年9月28日,全会文献,,
《沿着有中国特色的社会主义道路前进》,,1987年10月,党的全国代表大会文献,赵紫阳,
《中国共产党章程部分条文修正案》,,1987年10月,党的全国代表大会文献,,
《中华人民共和国村民委员会组织法（试行）》,,1987年11月24日,全国人大文献,,
《中华人民共和国村民委员会组织法》,,1998年10月,全国人大文献,,
《中华人民共和国中外合作经营企业法》,,1988年3月,全国人大文献,杨尚昆、邓小平、李鹏,
《中国人民解放军军官军衔条例》,,1988年7月1日,全国人大文献,,
《中国人民解放军现役军官服役条例》,,1988年9月5日,全国人大文献,,
《中华人民共和国现役军官法》,,2000年12月28日,全国人大文献,,
《关于赵紫阳同志在反党反社会主义的动乱中所犯错误的报告》,,1989年6月,全会文献,,
《关于近期做几件群众关心的事的决定》,,1989年7月,其他文献,,
《关于加强宣传、思想工作的通知》,,1989年7月,其他文献,,
《关于加强党的建设的通知》,,1989年7月,其他文献,,
《关于进一步治理整顿和深化改革的决定》,,1989年11月,全会文献,,
《中华人民共和国城市居民委员会组织法》,,1989年12月26日,全国人大文献,,
《中华人民共和国香港特别行政区基本法》,,1990年3月,全国人大文献,江泽民,
《关于〈中华人民共和国香港特别行政区基本法〉的决定》,,1990年3月,全国人大文献,,
《关于设立香港特别行政区的决定》,,1990年3月,全国人大文献,,
《关于进一步加强农业和农村工作的决定》,,1991年11月,全会文献,,
《中华人民共和国领海及毗连区法》,,1992年2月25日,全国人大文献,,
《加快改革开放和现代化建设步伐，夺取有中国特色社会主义事业的更大胜利》,,1992年10月,党的全国代表大会文献,,
《中国共产党章程（修正案）》,,1992年10月,党的全国代表大会文献,,
《中华人民共和国宪法修正案》,,1993年3月,全国人大文献,江泽民、乔石、李鹏,
《中华人民共和国澳门特别行政区基本法》,,1993年3月,全国人大文献,,
《关于〈中华人民共和国澳门特别行政区基本法〉的决定》,,1993年3月,全国人大文献,,
《关于设立中华人民共和国澳门特别行政区的决定》,,1993年3月,全国人大文献,,
《关于建立社会主义市场经济体制若干问题的决定》,,1993年11月,全会文献,,
《中国人民政治协商会议章程》（修正案）,,1994年3月,全国政协文献,,
《中华人民共和国预算法》,,1994年3月,全国人大文献,,
《中国21世纪议程》,,1994年3月25日,其他文献,,
《中华人民共和国劳动法》,,1994年7月5日,全国人大文献,,
《中华人民共和国教育法》,,1995年3月18日,全国人大文献,,
《关于制定国民经济和社会发展“九五”计划和2010年远景目标的建议》,,1995年9月,全会文献,,
《“九五”期间军队建设计划纲要》,,1995年12月,其他文献,,
《关于加强社会主义精神文明建设若干重要问题的决议》,,1996年10月,全会文献,,
《中华人民共和国国防法》,,1997年3月14日,全国人大文献,,
《国家重点基础研究发展规划》,,1997年6月4日,其他文献,,
《高举邓小平理论伟大旗帜，把建设有中国特色社会主义事业全面推向二十一世纪》,,1997年9月,党的全国代表大会文献,,
《中国共产党章程修正案》,,1997年9月,党的全国代表大会文献,,
《中华人民共和国专属经济区和大陆架法》,,1998年6月26日,全国人大文献,,
《关于农业和农村工作若干重大问题的决定》,,1998年10月,全会文献,,
《关于国有企业改革和发展若干重大问题的决定》,,1999年9月,全会文献,,
《中华人民共和国立法法》,,2000年3月15日,全国人大文献,,
《关于修改〈中华人民共和国立法法〉的决定》,,2015年3月15日,全国人大文献,,
《关于制定国民经济和社会发展第十个五年计划的建议》,,2000年10月,全会文献,,
《关于加强和改进党的作风建设的决定》,,2001年9月,全会文献,,“八个坚持、八个反对”
《全面建设小康社会，开创中国特色社会主义事业新局面》,,2002年11月,党的全国代表大会文献,,
《关于完善社会主义市场经济体制若干问题的决定》,,2003年10月,全会文献,,
《联合国反腐败公约》,,2005年10月27日,全国人大文献,,
《关于加强党的执政能力建设的决定》,,2004年9月,全会文献,胡锦涛,
《反分裂国家法》,,2005年3月,全国人大文献,,
《中华人民共和国公务员法》,,2005年4月27日,全国人大文献,,
《关于制定国民经济和社会发展第十一个五年规划的建议》,,2005年10月,全会文献,,
《关于构建社会主义和谐社会若干重大问题的决定》,,2006年10月,全会文献,,
《中非合作论坛北京峰会宣言》,,2006年11月,其他文献,,
《中非合作论坛－北京行动计划（2007－2009年）》,,2006年11月,其他文献,,
《中华人民共和国物权法》,,2007年3月16日,全国人大文献,,
《中华人民共和国企业所得税法》,,2007年3月16日,全国人大文献,,
《中华人民共和国反垄断法》,,2007年8月30日,全国人大文献,,
《中华人民共和国就业促进法》,,2007年8月30日,全国人大文献,,
《高举中国特色社会主义伟大旗帜，为夺取全面建设小康社会新胜利而奋斗》,,2007年10月,党的全国代表大会文献,,
《中国共产党章程（修正案）》,,2007年10月,党的全国代表大会文献,,
《国务院机构改革方案》,,2008年3月,全国人大文献,胡锦涛、吴邦国、温家宝,
《关于推进农村改革发展若干重大问题的决定》,,2008年10月,全会文献,,
《中华人民共和国食品安全法》,,2009年2月28日,全国人大文献,,
《关于加强和改进新形势下党的建设若干重大问题的决定》,,2009年9月,全会文献,,
《关于修改〈中华人民共和国全国人民代表大会和地方各级人民代表大会选举法〉的决定》,,2010年3月14日,全国人大文献,,
《关于制定国民经济和社会发展第十二个五年规划的建议》,,2010年10月,全会文献,,
《中华人民共和国非物质文化遗产法》,,2011年2月25日,全国人大文献,,
《关于深化文化体制改革推动社会主义文化大发展大繁荣若干重大问题的决定》,,2011年10月,全会文献,,
《坚定不移沿着中国特色社会主义道路前进，为全面建成小康社会而奋斗》,,2012年7月24日,其他文献,,
《中国共产党章程（修正案）》,,2012年7月24日,其他文献,,
《十八届中央政治局关于改进工作作风、密切联系群众的八项规定》,,2012年12月4日,其他文献,,
《国务院机构改革和职能转变方案》,,2013年2月,全会文献,,
《国务院机构改革和职能转变方案》,,2013年3月,全国人大文献,,
《关于全面深化改革若干重大问题的决定》,,2013年11月,全会文献,,
《国家新型城镇化规划（2014－2020年）》,,2013年12月,其他文献,,
《关于确定中国人民抗日战争胜利纪念日的决定》,,2014年2月27日,全国人大文献,,
《关于设立南京大屠杀死难者国家公祭日的决定》,,2014年2月27日,全国人大文献,,
《关于设立烈士纪念日的决定》,,2014年8月31日,全国人大文献,,
《关于全面推进依法治国若干重大问题的决定》,,2014年10月,全会文献,,
《关于设立国家宪法日的决定》,,2014年11月1日,全国人大文献,,
《中华人民共和国国家安全法》,,2015年7月1日,全国人大文献,,
《关于制定国民经济和社会发展第十三个五年规划的建议》,,2015年10月,全会文献,,
《关于深化国防和军队改革的意见》,,2015年11月,其他文献,,
《关于新形势下党内政治生活的若干准则》,,2016年10月,全会文献,,
《中国共产党党内监督条例》,,2016年10月,全会文献,,
《中华人民共和国网络安全法》,,2016年11月7日,全国人大文献,,
《中华人民共和国公共文化服务保障法》,,2016年12月25日,全国人大文献,,
《决胜全面建成小康社会，夺取新时代中国特色社会主义伟大胜利》,,2017年10月,党的全国代表大会文献,,
《中国共产党章程（修正案）》,,2017年10月,党的全国代表大会文献,,
《国务院关于2017年度国有资产管理情况的综合报告》,,2018年10月,全国人大文献,,
《国务院关于2017年度金融企业国有资产的专项报告》,,2018年10月,全国人大文献,,
《关于修改宪法部分内容的建议》,,2018年1月18日,全会文献,,
《关于深化党和国家机构改革的决定》,,2018年2月26日,全会文献,,
《深化党和国家机构改革方案》,,2018年2月26日,全会文献,,
《中华人民共和国宪法修正案》,,2018年3月5日,全国人大文献,,
《中华人民共和国监察法》,,2018年3月5日,全国人大文献,,
《中华人民共和国英雄烈士保护法》,,2018年4月27日,全国人大文献,,
《关于加快推进生态文明建设的意见》,,2018年5月,其他文献,,
《生态文明体制改革总体方案》,,2018年5月,其他文献,,
《国家应对气候变化规划（2014－2020年）》,,2018年5月,其他文献,,
《巴黎协定》,,2018年5月,其他文献,,
《关于构建更加紧密的中非命运共同体的北京宣言》,,2018年9月,其他文献,,
《中非合作论坛－北京行动计划（2019－2021年）》,,2018年9月,其他文献,,
《为实现民族伟大复兴、推进祖国和平统一而共同奋斗》,,2019年1月2日,领导人文献,,
《中华人民共和国外商投资法》,,2019年3月15日,全国人大文献,,
《共谋绿色生活，共建美丽家园》讲话,,2019年4月28日,领导人文献,,
《深化文明交流互鉴，共建亚洲命运共同体》,,2019年5月,领导人文献,,
《关于坚持和完善中国特色社会主义制度、推进国家治理体系和治理能力现代化若干重大问题的决定》,,2019年10月,全会文献,,
《中华人民共和国民法典》,,2020年5月28日,全国人大文献,,
《关于建立健全香港特别行政区维护国家安全的法律制度和执行机制的决定》,,2020年5月28日,全国人大文献,,
《中华人民共和国香港特别行政区维护国家安全法》,,2020年6月30日,全国人大文献,,
《关于制定国民经济和社会发展第十四个五年规划和二三五年远景目标的建议》,,2020年10月,全会文献,,
《中华人民共和国长江保护法》,,2020年12月26日,全国人大文献,,
《关于在全党开展党史学习教育的通知》,,,其他文献,,
《论中国共产党历史》,,2021年2月20日,领导人文献,,
《毛泽东邓小平江泽民胡锦涛关于中国共产党历史论述摘编》,,2021年2月20日,领导人文献,,
《习近平新时代中国特色社会主义思想学习问答》,,2021年2月20日,领导人文献,,
《中国共产党简史》,,2021年2月20日,领导人文献,,
《关于修改〈中华人民共和国全国人民代表大会组织法〉的决定》,,2021年3月11日,全国人大文献,,
《关于修改〈中华人民共和国全国人民代表大会议事规则〉的决定》,,2021年3月11日,全国人大文献,,
《关于完善香港特别行政区选举制度的决定》,,2021年3月11日,全国人大文献,,
《中华人民共和国乡村振兴促进法》,,2021年4月29日,全国人大文献,,
